1,olivier,aaa,aaa@aaa.ff,aaa,admin
1,olivier,aaa,aaa@aaa.ff,aaa,admin
1,olivier,aaa,aaa@aaa.ff,aaa,admin
1,soares,melissa,mel@srs.com,38360,7
1,soares,melissa,mel@srs.com,38360,7
1,soares,melissa,mel@srs.com,38360,7
1,soares,melissa,mel@srs.com,38360,07782147
1,soares,melissa,mel@srs.com,38360,07782147
1,soares,melissa,mel@srs.com,38360,07782147
6,soares,melissa,mel@srs.com,38360,07782147
6,soares,melissa,mel@srs.com,38360,07782147
6,soares,melissa,mel@srs.com,38360,07782147
6,soares,melissa,mel@srs.com,38360,07782147
6,soares,melissa,mel@srs.com,38360,07782147
6,soares,melissa,mel@srs.com,38360,07782147
6,soares,melissa,mel@srs.com,38360,07782147
6,soares,melissa,mel@srs.com,38360,07782147
6,soares,melissa,mel@srs.com,38360,07782147
6,soares,melissa,mel@srs.com,38360,07782147
6,soares,melissa,mel@srs.com,38360,07782147
8,soares,melissa,mel@srs.com,38360,07782147
6,soares,melissa,mel@srs.com,38360,07782147
6,soares,melissa,mel@srs.com,38360,07782147
6,soares,melissa,mel@srs.com,38360,07782147
6,soares,melissa,mel@srs.com,38360,07782147
6,soares,melissa,mel@srs.com,38360,07782147
6,soares,melissa,mel@srs.com,38360,07782147
6,soares,melissa,mel@srs.com,38360,07782147
6,soares,melissa,mel@srs.com,38360,07782147
6,soares,melissa,mel@srs.com,38360,07782147
6,soares,melissa,mel@srs.com,38360,07782147
6,soares,melissa,mel@srs.com,38360,07782147
6,soares,melissa,mel@srs.com,38360,07782147
6,soares,melissa,mel@srs.com,38360,07782147
6,soares,melissa,mel@srs.com,38360,07782147
6,soares,melissa,mel@srs.com,38360,07782147
6,soares,melissa,mel@srs.com,38360,07782147
6,soares,melissa,mel@srs.com,38360,07782147
6,soares,melissa,mel@srs.com,38360,07782147
6,soares,melissa,mel@srs.com,38360,07782147
6,soares,melissa,mel@srs.com,38360,07782147
6,soares,melissa,mel@srs.com,38360,07782147
6,soares,melissa,mel@srs.com,38360,07782147
6,soares,melissa,mel@srs.com,38360,07782147
6,soares,melissa,mel@srs.com,38360,07782147
6,soares,melissa,mel@srs.com,38360,07782147
6,soares,melissa,mel@srs.com,38360,07782147
6,soares,melissa,mel@srs.com,38360,07782147
6,soares,melissa,mel@srs.com,38360,07782147
6,soares,melissa,mel@srs.com,38360,07782147
6,soares,melissa,mel@srs.com,38360,07782147
6,soares,melissa,mel@srs.com,38360,07782147
6,soares,melissa,mel@srs.com,38360,07782147
6,soares,melissa,mel@srs.com,38360,07782147
6,soares,melissa,mel@srs.com,38360,07782147
6,soares,melissa,mel@srs.com,38360,07782147
6,soares,melissa,mel@srs.com,38360,07782147
6,soares,melissa,mel@srs.com,38360,07782147
6,soares,melissa,mel@srs.com,38360,07782147
6,soares,melissa,mel@srs.com,38360,07782147
6,soares,melissa,mel@srs.com,38360,07782147
6,soares,melissa,mel@srs.com,38360,07782147
6,soares,melissa,mel@srs.com,38360,07782147
6,soares,melissa,mel@srs.com,38360,07782147
6,soares,melissa,mel@srs.com,38360,07782147
6,soares,melissa,mel@srs.com,38360,07782147
6,soares,melissa,mel@srs.com,38360,07782147
6,soares,melissa,mel@srs.com,38360,07782147
